propertyCode,numPhotos,floor,price,propertyType,size,exterior,rooms,bathrooms,distance,hasVideo,status,newDevelopment,hasLift,hasPlan,has3DTour,has360,hasStaging,topPlus,highlight.groupDescription,parkingSpace.hasParkingSpace,price_m2_oct24,monthly_var,quart_var,annual_var,price_m2_historical_max,var_from_max,rooms+bathrooms,room.to.size.ratio,room+bathrooms.to.size.ratio,amenity.score,neighborhood_El Besòs,neighborhood_El Camp d'En Grassot i Gràcia Nova,neighborhood_El Carmel,neighborhood_El Clot,neighborhood_El Coll,neighborhood_El Congrés i els Indians,neighborhood_El Gòtic,neighborhood_El Poble Sec - Parc de Montjuïc,neighborhood_El Poblenou,neighborhood_El Putxet i el Farró,neighborhood_Horta,neighborhood_L'Antiga Esquerra de l'Eixample,neighborhood_La Barceloneta,neighborhood_La Dreta de l'Eixample,neighborhood_La Maternitat i Sant Ramon,neighborhood_La Nova Esquerra de l'Eixample,neighborhood_La Prosperitat,neighborhood_La Sagrada Família,neighborhood_La Sagrera,neighborhood_La Salut,neighborhood_La Teixonera,neighborhood_Les Roquetes,neighborhood_Les Tres Torres,neighborhood_Pedralbes,neighborhood_Provençals del Poblenou,neighborhood_Sant Antoni,neighborhood_Sant Gervasi - Galvany,neighborhood_Sant Pere - Santa Caterina i la Ribera,neighborhood_Sants,neighborhood_Sants - Badal,neighborhood_Sarrià,neighborhood_Vallcarca i els Penitents,neighborhood_Verdun,neighborhood_Vila de Gràcia,neighborhood_Vilapicina i la Torre Llobeta,district_Eixample,district_Gràcia,district_Horta Guinardó,district_Les Corts,district_Nou Barris,district_Sant Andreu,district_Sant Martí,district_Sants-Montjuïc,district_Sarrià-Sant Gervasi
106391156,59,2.0,840000,1,104.0,1,2,2,748,1,1,0,1,1,0,0,1,1,3.0,0,4571,0.018,0.036,0.061,4600,-0.006,4,0.019230769230769232,0.038461538461538464,6,0,0,0,0,0,0,1,0,0,0,0,0,0,0,0,0,0,0,0,0,0,0,0,0,0,0,0,0,0,0,0,0,0,0,0,0,0,0,0,0,0,0,0,0
105911748,36,1.0,819000,2,85.0,1,3,2,1225,1,1,0,1,1,0,1,1,0,2.0,0,5674,0.003,0.026,0.122,5674,0.0,5,0.03529411764705882,0.058823529411764705,6,0,0,0,0,0,0,0,0,0,0,0,0,0,1,0,0,0,0,0,0,0,0,0,0,0,0,0,0,0,0,0,0,0,0,0,1,0,0,0,0,0,0,0,0
106525945,46,1.0,940000,1,140.0,1,3,3,4242,1,2,0,1,1,0,1,0,0,2.0,1,5724,0.018,0.036,0.137,5724,0.0,6,0.02142857142857143,0.04285714285714286,6,0,0,0,0,0,0,0,0,0,0,0,0,0,0,0,0,0,0,0,0,0,0,0,1,0,0,0,0,0,0,0,0,0,0,0,0,0,0,1,0,0,0,0,0
105868499,63,2.0,480000,1,100.0,1,3,2,2970,1,1,0,1,1,1,0,1,0,2.0,0,4973,0.002,0.002,0.088,4973,0.0,5,0.03,0.05,7,0,0,0,0,0,0,0,0,0,0,0,0,0,0,0,0,0,0,0,1,0,0,0,0,0,0,0,0,0,0,0,0,0,0,0,0,1,0,0,0,0,0,0,0
105563120,41,8.0,415000,3,82.0,0,3,2,4842,1,1,0,0,1,0,1,0,0,2.0,0,3442,0.014,0.035,0.072,3442,0.0,5,0.036585365853658534,0.06097560975609756,3,0,0,0,0,0,0,0,0,0,0,1,0,0,0,0,0,0,0,0,0,0,0,0,0,0,0,0,0,0,0,0,0,0,0,0,0,0,1,0,0,0,0,0,0
105849885,54,2.0,480000,1,100.0,1,3,2,3211,0,1,0,1,1,1,0,0,0,2.0,0,4973,0.002,0.002,0.088,4973,0.0,5,0.03,0.05,5,0,0,0,0,0,0,0,0,0,0,0,0,0,0,0,0,0,0,0,1,0,0,0,0,0,0,0,0,0,0,0,0,0,0,0,0,1,0,0,0,0,0,0,0
106214224,62,2.0,480000,1,100.0,1,3,2,3131,1,1,0,1,1,1,0,0,0,2.0,0,4973,0.002,0.002,0.088,4973,0.0,5,0.03,0.05,6,0,0,0,0,0,0,0,0,0,0,0,0,0,0,0,0,0,0,0,1,0,0,0,0,0,0,0,0,0,0,0,0,0,0,0,0,1,0,0,0,0,0,0,0
103425417,39,2.0,384000,1,107.0,1,3,2,537,1,1,0,0,1,0,1,1,0,2.0,0,4571,0.018,0.036,0.061,4600,-0.006,5,0.028037383177570093,0.04672897196261682,5,0,0,0,0,0,0,0,0,0,0,0,0,0,0,0,0,0,0,0,0,0,0,0,0,0,0,0,1,0,0,0,0,0,0,0,0,0,0,0,0,0,0,0,0
105995049,42,6.0,795000,1,79.0,1,2,2,744,1,1,0,1,1,0,0,0,0,2.0,0,5674,0.003,0.026,0.122,5674,0.0,4,0.02531645569620253,0.05063291139240506,4,0,0,0,0,0,0,0,0,0,0,0,0,0,1,0,0,0,0,0,0,0,0,0,0,0,0,0,0,0,0,0,0,0,0,0,1,0,0,0,0,0,0,0,0
106500121,24,2.0,384000,1,107.0,1,3,2,699,1,1,0,0,1,0,0,0,0,2.0,0,4571,0.018,0.036,0.061,4600,-0.006,5,0.028037383177570093,0.04672897196261682,3,0,0,0,0,0,0,0,0,0,0,0,0,0,0,0,0,0,0,0,0,0,0,0,0,0,0,0,1,0,0,0,0,0,0,0,0,0,0,0,0,0,0,0,0
105849409,64,2.0,480000,1,93.0,1,3,2,3324,0,1,0,1,1,0,0,0,0,2.0,0,4973,0.002,0.002,0.088,4973,0.0,5,0.03225806451612903,0.053763440860215055,3,0,0,0,0,0,0,0,0,0,0,0,0,0,0,0,0,0,0,0,1,0,0,0,0,0,0,0,0,0,0,0,0,0,0,0,0,1,0,0,0,0,0,0,0
106234973,39,7.0,715000,2,115.0,1,3,2,3192,1,1,0,1,1,0,0,0,0,2.0,0,5900,0.015,0.01,0.059,5900,0.0,5,0.02608695652173913,0.043478260869565216,4,0,0,0,0,0,0,0,0,0,0,0,0,0,0,0,0,0,0,0,0,0,0,0,0,0,0,1,0,0,0,0,0,0,0,0,0,0,0,0,0,0,0,0,1
105567860,22,2.0,285000,1,60.0,1,3,1,1318,1,1,0,1,0,0,0,0,0,2.0,0,3882,0.011,0.04,0.094,3929,-0.012,4,0.05,0.06666666666666667,3,0,0,0,0,0,0,0,1,0,0,0,0,0,0,0,0,0,0,0,0,0,0,0,0,0,0,0,0,0,0,0,0,0,0,0,0,0,0,0,0,0,0,1,0
105874181,28,3.0,480000,1,99.0,1,3,2,3112,1,1,0,1,1,0,0,0,0,2.0,0,4973,0.002,0.002,0.088,4973,0.0,5,0.030303030303030304,0.050505050505050504,4,0,0,0,0,0,0,0,0,0,0,0,0,0,0,0,0,0,0,0,1,0,0,0,0,0,0,0,0,0,0,0,0,0,0,0,0,1,0,0,0,0,0,0,0
105657405,31,7.0,860000,1,122.0,1,4,2,4005,1,2,0,1,1,0,0,0,0,2.0,1,5724,0.018,0.036,0.137,5724,0.0,6,0.03278688524590164,0.04918032786885246,5,0,0,0,0,0,0,0,0,0,0,0,0,0,0,0,0,0,0,0,0,0,0,0,1,0,0,0,0,0,0,0,0,0,0,0,0,0,0,1,0,0,0,0,0
103924042,31,1.0,472000,1,108.0,1,5,3,1810,0,1,0,1,1,0,0,0,0,2.0,0,5674,0.003,0.026,0.122,5674,0.0,8,0.046296296296296294,0.07407407407407407,3,0,0,0,0,0,0,0,0,0,0,0,0,0,0,0,1,0,0,0,0,0,0,0,0,0,0,0,0,0,0,0,0,0,0,0,1,0,0,0,0,0,0,0,0
106226658,48,1.0,335000,1,103.0,1,4,1,975,1,2,0,1,1,0,1,0,0,2.0,0,4571,0.018,0.036,0.061,4600,-0.006,5,0.038834951456310676,0.04854368932038835,5,0,0,0,0,0,0,1,0,0,0,0,0,0,0,0,0,0,0,0,0,0,0,0,0,0,0,0,0,0,0,0,0,0,0,0,0,0,0,0,0,0,0,0,0
106369657,22,-1.0,399000,2,80.0,1,2,1,3419,1,1,0,1,0,0,0,0,0,2.0,0,5900,0.015,0.01,0.059,5900,0.0,3,0.025,0.0375,3,0,0,0,0,0,0,0,0,0,1,0,0,0,0,0,0,0,0,0,0,0,0,0,0,0,0,0,0,0,0,0,0,0,0,0,0,0,0,0,0,0,0,0,1
106563970,68,1.0,739500,1,116.0,1,5,1,1614,1,2,0,1,1,0,1,0,0,1.0,0,5674,0.003,0.026,0.122,5674,0.0,6,0.04310344827586207,0.05172413793103448,5,0,0,0,0,0,0,0,0,0,0,0,1,0,0,0,0,0,0,0,0,0,0,0,0,0,0,0,0,0,0,0,0,0,0,0,1,0,0,0,0,0,0,0,0
104080831,36,1.0,472000,1,100.0,1,4,3,2064,0,1,0,1,1,0,0,0,0,1.0,0,5674,0.003,0.026,0.122,5674,0.0,7,0.04,0.07,3,0,0,0,0,0,0,0,0,0,0,0,0,0,0,0,1,0,0,0,0,0,0,0,0,0,0,0,0,0,0,0,0,0,0,0,1,0,0,0,0,0,0,0,0
105433832,27,6.0,780000,2,87.0,1,3,2,4050,0,1,0,1,1,0,0,0,0,1.0,0,5900,0.015,0.01,0.059,5900,0.0,5,0.034482758620689655,0.05747126436781609,3,0,0,0,0,0,0,0,0,0,0,0,0,0,0,0,0,0,0,0,0,0,0,1,0,0,0,0,0,0,0,0,0,0,0,0,0,0,0,0,0,0,0,0,1
105845874,41,2.0,480000,1,100.0,1,3,2,3318,1,1,0,1,1,1,0,0,0,1.0,0,4973,0.002,0.002,0.088,4973,0.0,5,0.03,0.05,6,0,0,0,0,0,0,0,0,0,0,0,0,0,0,0,0,0,0,0,1,0,0,0,0,0,0,0,0,0,0,0,0,0,0,0,0,1,0,0,0,0,0,0,0
106328948,20,3.0,330000,1,90.0,1,4,1,3237,0,2,0,1,1,0,0,0,0,1.0,0,4321,0.037,0.036,0.141,4321,0.0,5,0.044444444444444446,0.05555555555555555,3,0,0,0,0,0,0,0,0,0,0,0,0,0,0,0,0,0,0,0,0,0,0,0,0,1,0,0,0,0,0,0,0,0,0,0,0,0,0,0,0,0,1,0,0
106409122,43,2.0,445000,1,94.0,1,2,1,1797,1,2,0,1,1,0,0,0,0,1.0,0,4973,0.002,0.002,0.088,4973,0.0,3,0.02127659574468085,0.031914893617021274,4,0,1,0,0,0,0,0,0,0,0,0,0,0,0,0,0,0,0,0,0,0,0,0,0,0,0,0,0,0,0,0,0,0,0,0,0,1,0,0,0,0,0,0,0
104852277,21,5.0,860000,1,122.0,1,4,2,3955,0,1,0,1,0,0,0,0,0,1.0,1,5724,0.018,0.036,0.137,5724,0.0,6,0.03278688524590164,0.04918032786885246,3,0,0,0,0,0,0,0,0,0,0,0,0,0,0,0,0,0,0,0,0,0,0,0,1,0,0,0,0,0,0,0,0,0,0,0,0,0,0,1,0,0,0,0,0
105938226,44,-1.0,465000,1,150.0,1,2,1,3200,1,1,0,0,1,0,1,0,0,1.0,0,4321,0.037,0.036,0.141,4321,0.0,3,0.013333333333333334,0.02,4,0,0,0,1,0,0,0,0,0,0,0,0,0,0,0,0,0,0,0,0,0,0,0,0,0,0,0,0,0,0,0,0,0,0,0,0,0,0,0,0,0,1,0,0
106363183,27,3.0,365000,1,70.0,1,2,1,1761,1,1,0,1,1,1,0,0,0,1.0,0,5674,0.003,0.026,0.122,5674,0.0,3,0.02857142857142857,0.04285714285714286,6,0,0,0,0,0,0,0,0,0,0,0,0,0,1,0,0,0,0,0,0,0,0,0,0,0,0,0,0,0,0,0,0,0,0,0,1,0,0,0,0,0,0,0,0
106738583,20,1.0,360000,1,100.0,1,3,1,2632,0,1,0,1,0,0,0,0,0,1.0,0,3882,0.011,0.04,0.094,3929,-0.012,4,0.03,0.04,2,0,0,0,0,0,0,0,0,0,0,0,0,0,0,0,0,0,0,0,0,0,0,0,0,0,0,0,0,1,0,0,0,0,0,0,0,0,0,0,0,0,0,1,0
105888687,23,1.0,385000,1,65.0,1,2,1,2729,1,1,0,1,1,0,1,1,0,0.0,0,5900,0.015,0.01,0.059,5900,0.0,3,0.03076923076923077,0.046153846153846156,6,0,0,0,0,0,0,0,0,0,1,0,0,0,0,0,0,0,0,0,0,0,0,0,0,0,0,0,0,0,0,0,0,0,0,0,0,0,0,0,0,0,0,0,1
106456196,31,-1.0,471000,1,110.0,1,1,2,2254,1,1,0,1,1,0,1,0,0,0.0,1,4973,0.002,0.002,0.088,4973,0.0,3,0.00909090909090909,0.02727272727272727,6,0,0,0,0,0,0,0,0,0,0,0,0,0,0,0,0,0,0,0,0,0,0,0,0,0,0,0,0,0,0,0,0,0,1,0,0,1,0,0,0,0,0,0,0
105847135,34,2.0,480000,1,92.0,1,3,2,3126,1,1,0,1,1,1,0,0,0,1.0,0,4973,0.002,0.002,0.088,4973,0.0,5,0.03260869565217391,0.05434782608695652,6,0,0,0,0,0,0,0,0,0,0,0,0,0,0,0,0,0,0,0,1,0,0,0,0,0,0,0,0,0,0,0,0,0,0,0,0,1,0,0,0,0,0,0,0
105120540,38,3.0,440000,1,60.0,1,2,1,1679,1,1,0,1,1,0,1,0,0,0.0,0,4571,0.018,0.036,0.061,4600,-0.006,3,0.03333333333333333,0.05,5,0,0,0,0,0,0,0,0,0,0,0,0,1,0,0,0,0,0,0,0,0,0,0,0,0,0,0,0,0,0,0,0,0,0,0,0,0,0,0,0,0,0,0,0
105334146,16,2.0,465000,2,94.0,1,2,2,3528,0,1,0,1,0,0,0,0,0,0.0,1,4321,0.037,0.036,0.141,4321,0.0,4,0.02127659574468085,0.0425531914893617,3,0,0,0,0,0,0,0,0,1,0,0,0,0,0,0,0,0,0,0,0,0,0,0,0,0,0,0,0,0,0,0,0,0,0,0,0,0,0,0,0,0,1,0,0
105531023,19,-1.0,217000,1,84.0,1,4,1,4122,0,1,0,0,0,0,0,0,0,0.0,0,3442,0.014,0.035,0.072,3442,0.0,5,0.047619047619047616,0.05952380952380952,1,0,0,1,0,0,0,0,0,0,0,0,0,0,0,0,0,0,0,0,0,0,0,0,0,0,0,0,0,0,0,0,0,0,0,0,0,0,1,0,0,0,0,0,0
106728081,33,4.0,345000,1,95.0,1,3,1,4807,1,1,0,1,1,0,0,0,0,0.0,0,3536,0.02,0.049,0.128,3536,0.0,4,0.031578947368421054,0.042105263157894736,4,0,0,0,0,0,1,0,0,0,0,0,0,0,0,0,0,0,0,0,0,0,0,0,0,0,0,0,0,0,0,0,0,0,0,0,0,0,0,0,0,1,0,0,0
106039363,31,6.0,860000,1,122.0,1,4,2,3833,1,1,0,1,1,0,0,0,0,0.0,1,5724,0.018,0.036,0.137,5724,0.0,6,0.03278688524590164,0.04918032786885246,5,0,0,0,0,0,0,0,0,0,0,0,0,0,0,0,0,0,0,0,0,0,0,0,1,0,0,0,0,0,0,0,0,0,0,0,0,0,0,1,0,0,0,0,0
106366932,31,4.0,860000,1,122.0,1,4,2,3988,1,2,0,1,1,0,0,0,0,0.0,1,5724,0.018,0.036,0.137,5724,0.0,6,0.03278688524590164,0.04918032786885246,5,0,0,0,0,0,0,0,0,0,0,0,0,0,0,0,0,0,0,0,0,0,0,0,1,0,0,0,0,0,0,0,0,0,0,0,0,0,0,1,0,0,0,0,0
105799121,30,4.0,306000,2,34.0,1,1,1,2582,1,1,0,1,1,0,0,0,0,0.0,0,4973,0.002,0.002,0.088,4973,0.0,2,0.029411764705882353,0.058823529411764705,4,0,0,0,0,0,0,0,0,0,0,0,0,0,0,0,0,0,0,0,0,0,0,0,0,0,0,0,0,0,0,0,0,0,1,0,0,1,0,0,0,0,0,0,0
106526692,33,1.0,339999,1,75.0,1,3,1,2276,1,1,0,1,1,0,0,0,0,0.0,0,5674,0.003,0.026,0.122,5674,0.0,4,0.04,0.05333333333333334,4,0,0,0,0,0,0,0,0,0,0,0,0,0,0,0,1,0,0,0,0,0,0,0,0,0,0,0,0,0,0,0,0,0,0,0,1,0,0,0,0,0,0,0,0
103924411,31,1.0,472000,1,109.0,1,5,3,1743,0,1,0,1,1,0,0,0,0,0.0,0,5674,0.003,0.026,0.122,5674,0.0,8,0.045871559633027525,0.07339449541284404,3,0,0,0,0,0,0,0,0,0,0,0,1,0,0,0,0,0,0,0,0,0,0,0,0,0,0,0,0,0,0,0,0,0,0,0,1,0,0,0,0,0,0,0,0
105922287,29,2.0,474000,1,75.0,1,2,2,323,1,1,0,1,1,0,1,0,0,0.0,0,4571,0.018,0.036,0.061,4600,-0.006,4,0.02666666666666667,0.05333333333333334,5,0,0,0,0,0,0,0,0,0,0,0,0,0,0,0,0,0,0,0,0,0,0,0,0,0,0,0,1,0,0,0,0,0,0,0,0,0,0,0,0,0,0,0,0
105865964,16,3.0,480000,1,99.0,1,3,2,3245,0,1,0,1,1,0,0,0,0,0.0,0,4973,0.002,0.002,0.088,4973,0.0,5,0.030303030303030304,0.050505050505050504,3,0,0,0,0,0,0,0,0,0,0,0,0,0,0,0,0,0,0,0,1,0,0,0,0,0,0,0,0,0,0,0,0,0,0,0,0,1,0,0,0,0,0,0,0
105865002,51,2.0,480000,1,93.0,1,4,2,3004,0,1,0,1,0,0,0,0,0,0.0,0,4973,0.002,0.002,0.088,4973,0.0,6,0.043010752688172046,0.06451612903225806,2,0,0,0,0,0,0,0,0,0,0,0,0,0,0,0,0,0,0,0,1,0,0,0,0,0,0,0,0,0,0,0,0,0,0,0,0,1,0,0,0,0,0,0,0
105305607,45,5.0,780000,1,150.0,1,3,2,1400,1,2,0,1,1,0,0,0,0,0.0,0,5674,0.003,0.026,0.122,5674,0.0,5,0.02,0.03333333333333333,4,0,0,0,0,0,0,0,0,0,0,0,0,0,1,0,0,0,0,0,0,0,0,0,0,0,0,0,0,0,0,0,0,0,0,0,1,0,0,0,0,0,0,0,0
105849016,56,2.0,480000,1,95.0,1,3,2,2991,0,1,0,1,1,0,0,0,0,0.0,0,4973,0.002,0.002,0.088,4973,0.0,5,0.031578947368421054,0.05263157894736842,3,0,0,0,0,0,0,0,0,0,0,0,0,0,0,0,0,0,0,0,1,0,0,0,0,0,0,0,0,0,0,0,0,0,0,0,0,1,0,0,0,0,0,0,0
105531066,3,1.0,227000,1,84.0,1,4,1,4098,0,1,0,0,0,0,0,0,0,0.0,0,3442,0.014,0.035,0.072,3442,0.0,5,0.047619047619047616,0.05952380952380952,1,0,0,1,0,0,0,0,0,0,0,0,0,0,0,0,0,0,0,0,0,0,0,0,0,0,0,0,0,0,0,0,0,0,0,0,0,0,1,0,0,0,0,0,0
105053861,40,0.0,180000,1,64.0,1,3,1,4441,1,1,0,0,1,0,1,0,0,0.0,0,4973,0.002,0.002,0.088,4973,0.0,4,0.046875,0.0625,4,0,0,0,0,1,0,0,0,0,0,0,0,0,0,0,0,0,0,0,0,0,0,0,0,0,0,0,0,0,0,0,0,0,0,0,0,1,0,0,0,0,0,0,0
105520461,32,5.0,340000,2,69.0,1,3,1,5994,1,1,0,1,1,0,0,0,0,0.0,0,2466,0.002,0.029,0.026,2941,-0.162,4,0.043478260869565216,0.057971014492753624,4,0,0,0,0,0,0,0,0,0,0,0,0,0,0,0,0,0,0,0,0,0,0,0,0,0,0,0,0,0,0,0,0,1,0,0,0,0,0,0,1,0,0,0,0
106439685,54,4.0,710000,1,99.0,1,4,2,1314,0,1,0,1,1,0,0,0,0,0.0,1,5674,0.003,0.026,0.122,5674,0.0,6,0.04040404040404041,0.06060606060606061,4,0,0,0,0,0,0,0,0,0,0,0,0,0,1,0,0,0,0,0,0,0,0,0,0,0,0,0,0,0,0,0,0,0,0,0,1,0,0,0,0,0,0,0,0
105443779,26,5.0,345000,1,80.0,1,4,1,2593,0,2,0,1,0,0,0,0,0,0.0,0,5674,0.003,0.026,0.122,5674,0.0,5,0.05,0.0625,2,0,0,0,0,0,0,0,0,0,0,0,0,0,0,0,0,0,1,0,0,0,0,0,0,0,0,0,0,0,0,0,0,0,0,0,1,0,0,0,0,0,0,0,0
106623026,26,1.0,370000,1,76.0,0,3,1,3117,0,1,0,1,0,0,0,0,0,0.0,0,4973,0.002,0.002,0.088,4973,0.0,4,0.039473684210526314,0.05263157894736842,1,0,0,0,0,0,0,0,0,0,0,0,0,0,0,0,0,0,0,0,0,0,0,0,0,0,0,0,0,0,0,0,0,0,1,0,0,1,0,0,0,0,0,0,0
106714707,24,1.0,364900,1,90.0,1,4,1,4831,1,1,0,1,0,0,0,0,0,0.0,0,2466,0.002,0.029,0.026,2941,-0.162,5,0.044444444444444446,0.05555555555555555,3,0,0,0,0,0,0,0,0,0,0,0,0,0,0,0,0,0,0,0,0,0,0,0,0,0,0,0,0,0,0,0,0,0,0,1,0,0,0,0,1,0,0,0,0
102814179,16,1.0,84000,1,40.0,1,2,1,6951,1,1,0,0,0,0,0,0,0,0.0,0,2466,0.002,0.029,0.026,2941,-0.162,3,0.05,0.075,2,0,0,0,0,0,0,0,0,0,0,0,0,0,0,0,0,0,0,0,0,0,1,0,0,0,0,0,0,0,0,0,0,0,0,0,0,0,0,0,1,0,0,0,0
105999561,23,1.0,345000,1,92.0,1,4,2,4413,0,1,0,1,0,0,0,0,0,0.0,0,3536,0.02,0.049,0.128,3536,0.0,6,0.043478260869565216,0.06521739130434782,2,0,0,0,0,0,0,0,0,0,0,0,0,0,0,0,0,0,0,1,0,0,0,0,0,0,0,0,0,0,0,0,0,0,0,0,0,0,0,0,0,1,0,0,0
106091266,18,1.0,365000,1,73.0,1,4,1,2070,0,2,0,0,0,0,0,0,0,0.0,0,4973,0.002,0.002,0.088,4973,0.0,5,0.0547945205479452,0.0684931506849315,1,0,1,0,0,0,0,0,0,0,0,0,0,0,0,0,0,0,0,0,0,0,0,0,0,0,0,0,0,0,0,0,0,0,0,0,0,1,0,0,0,0,0,0,0
106742810,30,1.0,330000,2,87.0,1,2,1,6023,0,1,0,1,0,0,0,0,0,0.0,0,2466,0.002,0.029,0.026,2941,-0.162,3,0.022988505747126436,0.034482758620689655,2,0,0,0,0,0,0,0,0,0,0,0,0,0,0,0,0,1,0,0,0,0,0,0,0,0,0,0,0,0,0,0,0,0,0,0,0,0,0,0,1,0,0,0,0
106396696,21,2.0,420000,1,83.0,1,4,2,3454,0,1,0,1,0,0,0,0,0,0.0,1,4973,0.002,0.002,0.088,4973,0.0,6,0.04819277108433735,0.07228915662650602,3,0,0,0,0,0,0,0,0,0,0,0,0,0,0,0,0,0,0,0,0,0,0,0,0,0,0,0,0,0,0,0,1,0,0,0,0,1,0,0,0,0,0,0,0
106179232,20,-1.0,168000,1,35.0,1,1,1,1468,0,1,0,0,0,0,0,0,0,0.0,0,4571,0.018,0.036,0.061,4600,-0.006,2,0.02857142857142857,0.05714285714285714,1,0,0,0,0,0,0,0,0,0,0,0,0,1,0,0,0,0,0,0,0,0,0,0,0,0,0,0,0,0,0,0,0,0,0,0,0,0,0,0,0,0,0,0,0
106407676,19,1.0,178000,1,67.0,1,3,1,4675,0,2,0,1,0,0,0,0,0,0.0,0,3442,0.014,0.035,0.072,3442,0.0,4,0.04477611940298507,0.05970149253731343,2,0,0,1,0,0,0,0,0,0,0,0,0,0,0,0,0,0,0,0,0,0,0,0,0,0,0,0,0,0,0,0,0,0,0,0,0,0,1,0,0,0,0,0,0
106378393,21,2.0,360000,1,65.0,0,2,1,2529,1,1,0,1,0,0,0,0,0,0.0,0,5674,0.003,0.026,0.122,5674,0.0,3,0.03076923076923077,0.046153846153846156,2,0,0,0,0,0,0,0,0,0,0,0,0,0,0,0,0,0,1,0,0,0,0,0,0,0,0,0,0,0,0,0,0,0,0,0,1,0,0,0,0,0,0,0,0
101273646,14,1.0,790000,1,153.0,1,3,2,3917,0,1,0,1,0,0,0,0,0,0.0,0,5900,0.015,0.01,0.059,5900,0.0,5,0.0196078431372549,0.032679738562091505,2,0,0,0,0,0,0,0,0,0,0,0,0,0,0,0,0,0,0,0,0,0,0,0,0,0,0,0,0,0,0,1,0,0,0,0,0,0,0,0,0,0,0,0,1
101119042,15,-1.0,147000,1,80.0,1,3,1,4530,0,1,0,1,0,0,0,0,0,0.0,0,3442,0.014,0.035,0.072,3442,0.0,4,0.0375,0.05,2,0,0,0,0,0,0,0,0,0,0,0,0,0,0,0,0,0,0,0,0,1,0,0,0,0,0,0,0,0,0,0,0,0,0,0,0,0,1,0,0,0,0,0,0
106305360,14,7.0,715000,2,110.0,1,3,2,3134,0,1,0,1,0,0,0,0,0,0.0,0,5900,0.015,0.01,0.059,5900,0.0,5,0.02727272727272727,0.045454545454545456,2,0,0,0,0,0,0,0,0,0,0,0,0,0,0,0,0,0,0,0,0,0,0,0,0,0,0,1,0,0,0,0,0,0,0,0,0,0,0,0,0,0,0,0,1
106124057,13,2.0,285000,1,70.0,1,3,1,4757,0,1,0,1,0,0,0,0,0,0.0,0,4321,0.037,0.036,0.141,4321,0.0,4,0.04285714285714286,0.05714285714285714,2,1,0,0,0,0,0,0,0,0,0,0,0,0,0,0,0,0,0,0,0,0,0,0,0,0,0,0,0,0,0,0,0,0,0,0,0,0,0,0,0,0,1,0,0
104887672,1,-1.0,256700,1,101.0,0,3,1,4959,0,1,0,1,0,0,0,0,0,0.0,0,2466,0.002,0.029,0.026,2941,-0.162,4,0.0297029702970297,0.039603960396039604,1,0,0,0,0,0,0,0,0,0,0,0,0,0,0,0,0,0,0,0,0,0,0,0,0,0,0,0,0,0,0,0,0,0,0,1,0,0,0,0,1,0,0,0,0
104913058,1,1.0,207800,1,56.0,0,1,1,2613,0,1,0,0,0,0,0,0,0,0.0,0,4321,0.037,0.036,0.141,4321,0.0,2,0.017857142857142856,0.03571428571428571,0,0,0,0,0,0,0,0,0,1,0,0,0,0,0,0,0,0,0,0,0,0,0,0,0,0,0,0,0,0,0,0,0,0,0,0,0,0,0,0,0,0,1,0,0
103066750,1,1.0,207800,1,56.0,0,1,1,2859,0,1,0,0,0,0,0,0,0,0.0,0,4321,0.037,0.036,0.141,4321,0.0,2,0.017857142857142856,0.03571428571428571,0,0,0,0,0,0,0,0,0,1,0,0,0,0,0,0,0,0,0,0,0,0,0,0,0,0,0,0,0,0,0,0,0,0,0,0,0,0,0,0,0,0,1,0,0
105813352,18,0.0,375000,1,80.0,1,3,1,1703,1,1,0,1,1,0,0,0,0,1.0,0,5674,0.003,0.026,0.122,5674,0.0,4,0.0375,0.05,4,0,0,0,0,0,0,0,0,0,0,0,0,0,1,0,0,0,0,0,0,0,0,0,0,0,0,0,0,0,0,0,0,0,0,0,1,0,0,0,0,0,0,0,0
104001463,22,3.0,280000,1,74.0,0,3,1,4028,1,1,0,1,1,0,0,0,1,3.0,0,3882,0.011,0.04,0.094,3929,-0.012,4,0.04054054054054054,0.05405405405405406,4,0,0,0,0,0,0,0,0,0,0,0,0,0,0,0,0,0,0,0,0,0,0,0,0,0,0,0,0,0,1,0,0,0,0,0,0,0,0,0,0,0,0,1,0
106158826,36,4.0,705130,1,137.0,1,5,2,3892,1,1,0,1,1,0,1,1,0,2.0,1,5724,0.018,0.036,0.137,5724,0.0,7,0.0364963503649635,0.051094890510948905,7,0,0,0,0,0,0,0,0,0,0,0,0,0,0,1,0,0,0,0,0,0,0,0,0,0,0,0,0,0,0,0,0,0,0,0,0,0,0,1,0,0,0,0,0
106316752,32,-1.0,205000,1,50.0,1,2,1,3569,1,2,0,0,1,0,1,0,0,2.0,0,3882,0.011,0.04,0.094,3929,-0.012,3,0.04,0.06,4,0,0,0,0,0,0,0,0,0,0,0,0,0,0,0,0,0,0,0,0,0,0,0,0,0,0,0,0,1,0,0,0,0,0,0,0,0,0,0,0,0,0,1,0
106483075,26,6.0,520000,1,95.0,0,2,2,2576,0,1,0,1,1,0,1,0,0,2.0,0,5674,0.003,0.026,0.122,5674,0.0,4,0.021052631578947368,0.042105263157894736,3,0,0,0,0,0,0,0,0,0,0,0,0,0,0,0,1,0,0,0,0,0,0,0,0,0,0,0,0,0,0,0,0,0,0,0,1,0,0,0,0,0,0,0,0
106567883,28,3.0,430000,1,110.0,1,3,2,1948,0,2,0,1,1,0,0,1,0,2.0,0,5674,0.003,0.026,0.122,5674,0.0,5,0.02727272727272727,0.045454545454545456,4,0,0,0,0,0,0,0,0,0,0,0,0,0,0,0,1,0,0,0,0,0,0,0,0,0,0,0,0,0,0,0,0,0,0,0,1,0,0,0,0,0,0,0,0
105934208,21,2.0,285000,1,59.0,0,2,1,3553,0,1,0,1,0,0,0,0,0,2.0,0,3442,0.014,0.035,0.072,3442,0.0,3,0.03389830508474576,0.05084745762711865,1,0,0,0,0,0,0,0,0,0,0,0,0,0,0,0,0,0,0,0,0,0,0,0,0,0,0,0,0,0,0,0,0,0,0,0,0,0,1,0,0,0,0,0,0
106704524,28,1.0,500000,1,120.0,1,4,2,3127,0,1,0,1,1,0,0,0,0,2.0,0,4973,0.002,0.002,0.088,4973,0.0,6,0.03333333333333333,0.05,3,0,0,0,0,0,0,0,0,0,0,0,0,0,0,0,0,0,0,0,1,0,0,0,0,0,0,0,0,0,0,0,0,0,0,0,0,1,0,0,0,0,0,0,0
106344440,41,5.0,172000,1,30.0,1,1,1,783,1,1,0,0,1,0,0,0,0,2.0,0,4571,0.018,0.036,0.061,4600,-0.006,2,0.03333333333333333,0.06666666666666667,3,0,0,0,0,0,0,0,0,0,0,0,0,0,0,0,0,0,0,0,0,0,0,0,0,0,0,0,1,0,0,0,0,0,0,0,0,0,0,0,0,0,0,0,0
106352888,25,5.0,625000,1,100.0,1,4,2,1465,1,1,0,1,1,0,1,0,0,2.0,0,5674,0.003,0.026,0.122,5674,0.0,6,0.04,0.06,5,0,0,0,0,0,0,0,0,0,0,0,0,0,0,0,0,0,0,0,0,0,0,0,0,0,1,0,0,0,0,0,0,0,0,0,1,0,0,0,0,0,0,0,0
106570209,25,3.0,215000,1,70.0,1,3,1,6455,1,1,0,1,1,0,0,0,0,2.0,0,2466,0.002,0.029,0.026,2941,-0.162,4,0.04285714285714286,0.05714285714285714,4,0,0,0,0,0,0,0,0,0,0,0,0,0,0,0,0,0,0,0,0,0,0,0,0,0,0,0,0,0,0,0,0,1,0,0,0,0,0,0,1,0,0,0,0
105988921,38,2.0,255000,1,45.0,1,1,2,434,1,1,0,0,1,0,1,0,0,2.0,0,4571,0.018,0.036,0.061,4600,-0.006,3,0.022222222222222223,0.06666666666666667,4,0,0,0,0,0,0,0,0,0,0,0,0,0,0,0,0,0,0,0,0,0,0,0,0,0,0,0,1,0,0,0,0,0,0,0,0,0,0,0,0,0,0,0,0
